序号,链接,节点数
0,https://clashnode.com/wp-content/uploads/2023/12/20231222.txt,12
1,https://nodefree.org/dy/2023/12/20231222.yaml,15
2,https://oneclash.cc/wp-content/uploads/2023/12/20231222.txt,30
3,https://v2rayshare.com/wp-content/uploads/2023/12/20231222.txt,22
4,https://wefound.cc/freenode/2023/12/20231222.txt,30
5,https://fastestcloud.xyz/api/v1/client/subscribe?token=6d6912b8fb9212128c43a4323378d499,63
6,https://oss.v2rayse.com/proxies/data/2023-12-21/wp7ztr2.txt,28
7,https://prop.cf/?name=paimon&client=base64,2
8,https://prop.cf/?name=paimon&client=clash,2
9,https://raw.githubusercontent.com/Leon406/SubCrawler/main/sub/share/all3,633
10,https://raw.githubusercontent.com/Pawdroid/Free-servers/main/sub,24
11,https://raw.githubusercontent.com/abshare/abshare.github.io/main/README.md,130
12,https://raw.githubusercontent.com/aiboboxx/v2rayfree/main/v2,40
13,https://raw.githubusercontent.com/ermaozi/get_subscribe/main/subscribe/v2ray.txt,28
14,https://raw.githubusercontent.com/free18/v2ray/main/v2ray.txt,278
15,https://raw.githubusercontent.com/freefq/free/master/v2,15
16,https://raw.githubusercontent.com/hkaa0/permalink/main/proxy/V2ray,11
17,https://raw.githubusercontent.com/hkaa0/permalink/main/proxy/clash,11
18,https://raw.githubusercontent.com/lflflf999/0516/main/BX-JD,95
19,https://raw.githubusercontent.com/mfuu/v2ray/master/clash.yaml,301
20,https://raw.githubusercontent.com/mfuu/v2ray/master/v2ray,302
21,https://raw.githubusercontent.com/mianfeifq/share/main/data2023094.txt,0
22,https://raw.githubusercontent.com/mksshare/mksshare.github.io/main/README.md,140
23,https://raw.githubusercontent.com/mlabalabala/v2ray-node/main/nodefree4clash.txt,10
24,https://raw.githubusercontent.com/peasoft/NoMoreWalls/master/list.txt,234
25,https://raw.githubusercontent.com/ripaojiedian/freenode/main/clash,23
26,https://raw.githubusercontent.com/ripaojiedian/freenode/main/sub,23
27,https://raw.githubusercontent.com/w1770946466/Auto_proxy/main/Long_term_subscription_num,550
28,https://raw.githubusercontent.com/zhangkaiitugithub/passcro/main/speednodes.yaml,89
29,https://www.ckcloud.xyz/api/v1/client/subscribe?token=4d6b7ed065e189741e87b60fb681b2c8,58
30,https://xn--30rs3bu7r87f.com/api/v1/client/subscribe?token=b667a74393eb64743bee9d71f599b58a,0
31,dynamic://kkzui,29
32,dynamic://sharkdoor,7

总计,,1139
